[
  {
    "model": "group.Group",
    "pk": 1,
    "fields": {
      "name": "ADMINISTRATIF",
      "description": "Administratif",
      "created_at": "2019-10-30T16:45:26.022916Z",
      "modified_at": "2019-10-30T16:45:26.022916Z"
    }
  },
  {
    "model": "group.Group",
    "pk": 2,
    "fields": {
      "name": "SUPERVISOR",
      "description": "Supervisor",
      "created_at": "2019-10-30T16:45:26.022916Z",
      "modified_at": "2019-10-30T16:45:26.022916Z"
    }
  },
  {
    "model": "group.Group",
    "pk": 3,
    "fields": {
      "name": "MANAGER",
      "description": "Manager",
      "created_at": "2019-10-30T16:45:26.022916Z",
      "modified_at": "2019-10-30T16:45:26.022916Z"
    }
  },
  {
    "model": "group.Group",
    "pk": 4,
    "fields": {
      "name": "DIRECTOR",
      "description": "Director",
      "created_at": "2019-10-30T16:45:26.022916Z",
      "modified_at": "2019-10-30T16:45:26.022916Z"
    }
  },
  {
    "model": "group.Group",
    "pk": 5,
    "fields": {
      "name": "PLANNER",
      "description": "Planner/Superuser",
      "created_at": "2019-10-30T16:45:26.022916Z",
      "modified_at": "2019-10-30T16:45:26.022916Z"
    }
  },

  {
    "model": "group.Module",
    "pk": 1,
    "fields": {
      "name": "FORM",
      "description": "Form",
      "created_at": "2019-10-30T16:45:26.022916Z",
      "modified_at": "2019-10-30T16:45:26.022916Z"
    }
  },
  {
    "model": "group.Module",
    "pk": 2,
    "fields": {
      "name": "REPORT",
      "description": "Report",
      "created_at": "2019-10-30T16:45:26.022916Z",
      "modified_at": "2019-10-30T16:45:26.022916Z"
    }
  },
  {
    "model": "group.Module",
    "pk": 3,
    "fields": {
      "name": "DASHBOARD",
      "description": "Dashboard",
      "created_at": "2019-10-30T16:45:26.022916Z",
      "modified_at": "2019-10-30T16:45:26.022916Z"
    }
  },
  {
    "model": "group.Module",
    "pk": 4,
    "fields": {
      "name": "BUSSINESS RULE",
      "description": "Business Rule",
      "created_at": "2019-10-30T16:45:26.022916Z",
      "modified_at": "2019-10-30T16:45:26.022916Z"
    }
  },
  {
    "model": "group.Module",
    "pk": 5,
    "fields": {
      "name": "COMPANY SETTING",
      "description": "company Setting",
      "created_at": "2019-10-30T16:45:26.022916Z",
      "modified_at": "2019-10-30T16:45:26.022916Z"
    }
  },
  {
    "model": "group.Module",
    "pk": 6,
    "fields": {
      "name": "GROUP",
      "description": "Permission to update role privillege",
      "created_at": "2019-10-30T16:45:26.022916Z",
      "modified_at": "2019-10-30T16:45:26.022916Z"
    }
  },

  {
    "model": "group.Role",
    "pk": 1,
    "fields": {
      "group": 1,
      "module": 1,
      "access": "READ",
      "created_at": "2019-10-30T16:45:26.022916Z",
      "modified_at": "2019-10-30T16:45:26.022916Z"
    }
  },
  {
    "model": "group.Role",
    "pk": 2,
    "fields": {
      "group": 1,
      "module": 1,
      "access": "UPDATE",
      "created_at": "2019-10-30T16:45:26.022916Z",
      "modified_at": "2019-10-30T16:45:26.022916Z"
    }
  },
  {
    "model": "group.Role",
    "pk": 3,
    "fields": {
      "group": 2,
      "module": 1,
      "access": "CREATE",
      "created_at": "2019-10-30T16:45:26.022916Z",
      "modified_at": "2019-10-30T16:45:26.022916Z"
    }
  },
  {
    "model": "group.Role",
    "pk": 4,
    "fields": {
      "group": 2,
      "module": 1,
      "access": "READ",
      "created_at": "2019-10-30T16:45:26.022916Z",
      "modified_at": "2019-10-30T16:45:26.022916Z"
    }
  },
  {
    "model": "group.Role",
    "pk": 5,
    "fields": {
      "group": 2,
      "module": 1,
      "access": "UPDATE",
      "created_at": "2019-10-30T16:45:26.022916Z",
      "modified_at": "2019-10-30T16:45:26.022916Z"
    }
  },
  {
    "model": "group.Role",
    "pk": 6,
    "fields": {
      "group": 2,
      "module": 2,
      "access": "CREATE",
      "created_at": "2019-10-30T16:45:26.022916Z",
      "modified_at": "2019-10-30T16:45:26.022916Z"
    }
  },
  {
    "model": "group.Role",
    "pk": 7,
    "fields": {
      "group": 2,
      "module": 2,
      "access": "READ",
      "created_at": "2019-10-30T16:45:26.022916Z",
      "modified_at": "2019-10-30T16:45:26.022916Z"
    }
  },
  {
    "model": "group.Role",
    "pk": 8,
    "fields": {
      "group": 2,
      "module": 2,
      "access": "UPDATE",
      "created_at": "2019-10-30T16:45:26.022916Z",
      "modified_at": "2019-10-30T16:45:26.022916Z"
    }
  },
  {
    "model": "group.Role",
    "pk": 9,
    "fields": {
      "group": 2,
      "module": 3,
      "access": "READ",
      "created_at": "2019-10-30T16:45:26.022916Z",
      "modified_at": "2019-10-30T16:45:26.022916Z"
    }
  },
  {
    "model": "group.Role",
    "pk": 10,
    "fields": {
      "group": 2,
      "module": 3,
      "access": "UPDATE",
      "created_at": "2019-10-30T16:45:26.022916Z",
      "modified_at": "2019-10-30T16:45:26.022916Z"
    }
  },
  {
    "model": "group.Role",
    "pk": 11,
    "fields": {
      "group": 2,
      "module": 4,
      "access": "CREATE",
      "created_at": "2019-10-30T16:45:26.022916Z",
      "modified_at": "2019-10-30T16:45:26.022916Z"
    }
  },
  {
    "model": "group.Role",
    "pk": 12,
    "fields": {
      "group": 2,
      "module": 4,
      "access": "READ",
      "created_at": "2019-10-30T16:45:26.022916Z",
      "modified_at": "2019-10-30T16:45:26.022916Z"
    }
  },
  {
    "model": "group.Role",
    "pk": 13,
    "fields": {
      "group": 2,
      "module": 4,
      "access": "UPDATE",
      "created_at": "2019-10-30T16:45:26.022916Z",
      "modified_at": "2019-10-30T16:45:26.022916Z"
    }
  },
  {
    "model": "group.Role",
    "pk": 14,
    "fields": {
      "group": 2,
      "module": 4,
      "access": "DELETE",
      "created_at": "2019-10-30T16:45:26.022916Z",
      "modified_at": "2019-10-30T16:45:26.022916Z"
    }
  },
  {
    "model": "group.Role",
    "pk": 15,
    "fields": {
      "group": 2,
      "module": 5,
      "access": "READ",
      "created_at": "2019-10-30T16:45:26.022916Z",
      "modified_at": "2019-10-30T16:45:26.022916Z"
    }
  },
  {
    "model": "group.Role",
    "pk": 16,
    "fields": {
      "group": 3,
      "module": 1,
      "access": "CREATE",
      "created_at": "2019-10-30T16:45:26.022916Z",
      "modified_at": "2019-10-30T16:45:26.022916Z"
    }
  },
  {
    "model": "group.Role",
    "pk": 17,
    "fields": {
      "group": 3,
      "module": 1,
      "access": "READ",
      "created_at": "2019-10-30T16:45:26.022916Z",
      "modified_at": "2019-10-30T16:45:26.022916Z"
    }
  },
  {
    "model": "group.Role",
    "pk": 18,
    "fields": {
      "group": 3,
      "module": 1,
      "access": "UPDATE",
      "created_at": "2019-10-30T16:45:26.022916Z",
      "modified_at": "2019-10-30T16:45:26.022916Z"
    }
  },
  {
    "model": "group.Role",
    "pk": 19,
    "fields": {
      "group": 3,
      "module": 1,
      "access": "DELETE",
      "created_at": "2019-10-30T16:45:26.022916Z",
      "modified_at": "2019-10-30T16:45:26.022916Z"
    }
  },
  {
    "model": "group.Role",
    "pk": 20,
    "fields": {
      "group": 3,
      "module": 2,
      "access": "CREATE",
      "created_at": "2019-10-30T16:45:26.022916Z",
      "modified_at": "2019-10-30T16:45:26.022916Z"
    }
  },
  {
    "model": "group.Role",
    "pk": 21,
    "fields": {
      "group": 3,
      "module": 2,
      "access": "READ",
      "created_at": "2019-10-30T16:45:26.022916Z",
      "modified_at": "2019-10-30T16:45:26.022916Z"
    }
  },
  {
    "model": "group.Role",
    "pk": 22,
    "fields": {
      "group": 3,
      "module": 2,
      "access": "UPDATE",
      "created_at": "2019-10-30T16:45:26.022916Z",
      "modified_at": "2019-10-30T16:45:26.022916Z"
    }
  },
  {
    "model": "group.Role",
    "pk": 23,
    "fields": {
      "group": 3,
      "module": 2,
      "access": "DELETE",
      "created_at": "2019-10-30T16:45:26.022916Z",
      "modified_at": "2019-10-30T16:45:26.022916Z"
    }
  },
  {
    "model": "group.Role",
    "pk": 24,
    "fields": {
      "group": 3,
      "module": 3,
      "access": "CREATE",
      "created_at": "2019-10-30T16:45:26.022916Z",
      "modified_at": "2019-10-30T16:45:26.022916Z"
    }
  },
  {
    "model": "group.Role",
    "pk": 25,
    "fields": {
      "group": 3,
      "module": 3,
      "access": "READ",
      "created_at": "2019-10-30T16:45:26.022916Z",
      "modified_at": "2019-10-30T16:45:26.022916Z"
    }
  },
  {
    "model": "group.Role",
    "pk": 26,
    "fields": {
      "group": 3,
      "module": 3,
      "access": "UPDATE",
      "created_at": "2019-10-30T16:45:26.022916Z",
      "modified_at": "2019-10-30T16:45:26.022916Z"
    }
  },
  {
    "model": "group.Role",
    "pk": 27,
    "fields": {
      "group": 3,
      "module": 3,
      "access": "DELETE",
      "created_at": "2019-10-30T16:45:26.022916Z",
      "modified_at": "2019-10-30T16:45:26.022916Z"
    }
  },
  {
    "model": "group.Role",
    "pk": 28,
    "fields": {
      "group": 3,
      "module": 4,
      "access": "CREATE",
      "created_at": "2019-10-30T16:45:26.022916Z",
      "modified_at": "2019-10-30T16:45:26.022916Z"
    }
  },
  {
    "model": "group.Role",
    "pk": 29,
    "fields": {
      "group": 3,
      "module": 4,
      "access": "READ",
      "created_at": "2019-10-30T16:45:26.022916Z",
      "modified_at": "2019-10-30T16:45:26.022916Z"
    }
  },
  {
    "model": "group.Role",
    "pk": 30,
    "fields": {
      "group": 3,
      "module": 4,
      "access": "UPDATE",
      "created_at": "2019-10-30T16:45:26.022916Z",
      "modified_at": "2019-10-30T16:45:26.022916Z"
    }
  },
  {
    "model": "group.Role",
    "pk": 31,
    "fields": {
      "group": 3,
      "module": 4,
      "access": "DELETE",
      "created_at": "2019-10-30T16:45:26.022916Z",
      "modified_at": "2019-10-30T16:45:26.022916Z"
    }
  },
  {
    "model": "group.Role",
    "pk": 32,
    "fields": {
      "group": 3,
      "module": 5,
      "access": "CREATE",
      "created_at": "2019-10-30T16:45:26.022916Z",
      "modified_at": "2019-10-30T16:45:26.022916Z"
    }
  },
  {
    "model": "group.Role",
    "pk": 33,
    "fields": {
      "group": 3,
      "module": 5,
      "access": "READ",
      "created_at": "2019-10-30T16:45:26.022916Z",
      "modified_at": "2019-10-30T16:45:26.022916Z"
    }
  },
  {
    "model": "group.Role",
    "pk": 34,
    "fields": {
      "group": 3,
      "module": 5,
      "access": "UPDATE",
      "created_at": "2019-10-30T16:45:26.022916Z",
      "modified_at": "2019-10-30T16:45:26.022916Z"
    }
  },
  {
    "model": "group.Role",
    "pk": 35,
    "fields": {
      "group": 3,
      "module": 5,
      "access": "DELETE",
      "created_at": "2019-10-30T16:45:26.022916Z",
      "modified_at": "2019-10-30T16:45:26.022916Z"
    }
  },
  {
    "model": "group.Role",
    "pk": 36,
    "fields": {
      "group": 3,
      "module": 6,
      "access": "CREATE",
      "created_at": "2019-10-30T16:45:26.022916Z",
      "modified_at": "2019-10-30T16:45:26.022916Z"
    }
  },
  {
    "model": "group.Role",
    "pk": 37,
    "fields": {
      "group": 3,
      "module": 6,
      "access": "READ",
      "created_at": "2019-10-30T16:45:26.022916Z",
      "modified_at": "2019-10-30T16:45:26.022916Z"
    }
  },
  {
    "model": "group.Role",
    "pk": 38,
    "fields": {
      "group": 3,
      "module": 6,
      "access": "UPDATE",
      "created_at": "2019-10-30T16:45:26.022916Z",
      "modified_at": "2019-10-30T16:45:26.022916Z"
    }
  },
  {
    "model": "group.Role",
    "pk": 39,
    "fields": {
      "group": 3,
      "module": 6,
      "access": "DELETE",
      "created_at": "2019-10-30T16:45:26.022916Z",
      "modified_at": "2019-10-30T16:45:26.022916Z"
    }
  },
  {
    "model": "group.Role",
    "pk": 40,
    "fields": {
      "group": 4,
      "module": 1,
      "access": "CREATE",
      "created_at": "2019-10-30T16:45:26.022916Z",
      "modified_at": "2019-10-30T16:45:26.022916Z"
    }
  },
  {
    "model": "group.Role",
    "pk": 41,
    "fields": {
      "group": 4,
      "module": 1,
      "access": "READ",
      "created_at": "2019-10-30T16:45:26.022916Z",
      "modified_at": "2019-10-30T16:45:26.022916Z"
    }
  },
  {
    "model": "group.Role",
    "pk": 42,
    "fields": {
      "group": 4,
      "module": 1,
      "access": "UPDATE",
      "created_at": "2019-10-30T16:45:26.022916Z",
      "modified_at": "2019-10-30T16:45:26.022916Z"
    }
  },
  {
    "model": "group.Role",
    "pk": 43,
    "fields": {
      "group": 4,
      "module": 1,
      "access": "DELETE",
      "created_at": "2019-10-30T16:45:26.022916Z",
      "modified_at": "2019-10-30T16:45:26.022916Z"
    }
  },
  {
    "model": "group.Role",
    "pk": 44,
    "fields": {
      "group": 4,
      "module": 2,
      "access": "CREATE",
      "created_at": "2019-10-30T16:45:26.022916Z",
      "modified_at": "2019-10-30T16:45:26.022916Z"
    }
  },
  {
    "model": "group.Role",
    "pk": 45,
    "fields": {
      "group": 4,
      "module": 2,
      "access": "READ",
      "created_at": "2019-10-30T16:45:26.022916Z",
      "modified_at": "2019-10-30T16:45:26.022916Z"
    }
  },
  {
    "model": "group.Role",
    "pk": 46,
    "fields": {
      "group": 4,
      "module": 2,
      "access": "UPDATE",
      "created_at": "2019-10-30T16:45:26.022916Z",
      "modified_at": "2019-10-30T16:45:26.022916Z"
    }
  },
  {
    "model": "group.Role",
    "pk": 47,
    "fields": {
      "group": 4,
      "module": 2,
      "access": "DELETE",
      "created_at": "2019-10-30T16:45:26.022916Z",
      "modified_at": "2019-10-30T16:45:26.022916Z"
    }
  },
  {
    "model": "group.Role",
    "pk": 48,
    "fields": {
      "group": 4,
      "module": 3,
      "access": "CREATE",
      "created_at": "2019-10-30T16:45:26.022916Z",
      "modified_at": "2019-10-30T16:45:26.022916Z"
    }
  },
  {
    "model": "group.Role",
    "pk": 49,
    "fields": {
      "group": 4,
      "module": 3,
      "access": "READ",
      "created_at": "2019-10-30T16:45:26.022916Z",
      "modified_at": "2019-10-30T16:45:26.022916Z"
    }
  },
  {
    "model": "group.Role",
    "pk": 50,
    "fields": {
      "group": 4,
      "module": 3,
      "access": "UPDATE",
      "created_at": "2019-10-30T16:45:26.022916Z",
      "modified_at": "2019-10-30T16:45:26.022916Z"
    }
  },
  {
    "model": "group.Role",
    "pk": 51,
    "fields": {
      "group": 4,
      "module": 3,
      "access": "DELETE",
      "created_at": "2019-10-30T16:45:26.022916Z",
      "modified_at": "2019-10-30T16:45:26.022916Z"
    }
  },
  {
    "model": "group.Role",
    "pk": 52,
    "fields": {
      "group": 4,
      "module": 4,
      "access": "CREATE",
      "created_at": "2019-10-30T16:45:26.022916Z",
      "modified_at": "2019-10-30T16:45:26.022916Z"
    }
  },
  {
    "model": "group.Role",
    "pk": 53,
    "fields": {
      "group": 4,
      "module": 4,
      "access": "READ",
      "created_at": "2019-10-30T16:45:26.022916Z",
      "modified_at": "2019-10-30T16:45:26.022916Z"
    }
  },
  {
    "model": "group.Role",
    "pk": 54,
    "fields": {
      "group": 4,
      "module": 4,
      "access": "UPDATE",
      "created_at": "2019-10-30T16:45:26.022916Z",
      "modified_at": "2019-10-30T16:45:26.022916Z"
    }
  },
  {
    "model": "group.Role",
    "pk": 55,
    "fields": {
      "group": 4,
      "module": 4,
      "access": "DELETE",
      "created_at": "2019-10-30T16:45:26.022916Z",
      "modified_at": "2019-10-30T16:45:26.022916Z"
    }
  },
  {
    "model": "group.Role",
    "pk": 56,
    "fields": {
      "group": 4,
      "module": 5,
      "access": "CREATE",
      "created_at": "2019-10-30T16:45:26.022916Z",
      "modified_at": "2019-10-30T16:45:26.022916Z"
    }
  },
  {
    "model": "group.Role",
    "pk": 57,
    "fields": {
      "group": 4,
      "module": 5,
      "access": "READ",
      "created_at": "2019-10-30T16:45:26.022916Z",
      "modified_at": "2019-10-30T16:45:26.022916Z"
    }
  },
  {
    "model": "group.Role",
    "pk": 58,
    "fields": {
      "group": 4,
      "module": 5,
      "access": "UPDATE",
      "created_at": "2019-10-30T16:45:26.022916Z",
      "modified_at": "2019-10-30T16:45:26.022916Z"
    }
  },
  {
    "model": "group.Role",
    "pk": 59,
    "fields": {
      "group": 4,
      "module": 5,
      "access": "DELETE",
      "created_at": "2019-10-30T16:45:26.022916Z",
      "modified_at": "2019-10-30T16:45:26.022916Z"
    }
  },
  {
    "model": "group.Role",
    "pk": 60,
    "fields": {
      "group": 4,
      "module": 6,
      "access": "CREATE",
      "created_at": "2019-10-30T16:45:26.022916Z",
      "modified_at": "2019-10-30T16:45:26.022916Z"
    }
  },
  {
    "model": "group.Role",
    "pk": 61,
    "fields": {
      "group": 4,
      "module": 6,
      "access": "READ",
      "created_at": "2019-10-30T16:45:26.022916Z",
      "modified_at": "2019-10-30T16:45:26.022916Z"
    }
  },
  {
    "model": "group.Role",
    "pk": 62,
    "fields": {
      "group": 4,
      "module": 6,
      "access": "UPDATE",
      "created_at": "2019-10-30T16:45:26.022916Z",
      "modified_at": "2019-10-30T16:45:26.022916Z"
    }
  },
  {
    "model": "group.Role",
    "pk": 63,
    "fields": {
      "group": 4,
      "module": 6,
      "access": "DELETE",
      "created_at": "2019-10-30T16:45:26.022916Z",
      "modified_at": "2019-10-30T16:45:26.022916Z"
    }
  },
  {
    "model": "group.Role",
    "pk": 64,
    "fields": {
      "group": 5,
      "module": 5,
      "access": "CREATE",
      "created_at": "2019-10-30T16:45:26.022916Z",
      "modified_at": "2019-10-30T16:45:26.022916Z"
    }
  },
  {
    "model": "group.Role",
    "pk": 65,
    "fields": {
      "group": 5,
      "module": 5,
      "access": "READ",
      "created_at": "2019-10-30T16:45:26.022916Z",
      "modified_at": "2019-10-30T16:45:26.022916Z"
    }
  },
  {
    "model": "group.Role",
    "pk": 66,
    "fields": {
      "group": 5,
      "module": 5,
      "access": "UPDATE",
      "created_at": "2019-10-30T16:45:26.022916Z",
      "modified_at": "2019-10-30T16:45:26.022916Z"
    }
  },
  {
    "model": "group.Role",
    "pk": 67,
    "fields": {
      "group": 5,
      "module": 5,
      "access": "DELETE",
      "created_at": "2019-10-30T16:45:26.022916Z",
      "modified_at": "2019-10-30T16:45:26.022916Z"
    }
  }
]